Episode,TotalReward,Steps,DQNColor,OpponentType,QChosen,QMax,QMean,FinalResult,UsedFallback
0,-0.8,298,White,random,-1.0,-1.0,-1.0,1/2-1/2,0
1,-0.7992,535,White,random,-1.0,-1.0,-1.0,1/2-1/2,0
2,-0.7984,399,White,random,-1.0,-1.0,-1.0,1/2-1/2,0
3,1,173,White,random,-1.0,-1.0,-1.0,1-0,0
4,-0.7968,356,White,random,-1.0,-1.0,-1.0,1/2-1/2,0
5,-0.796,496,White,random,-1.0,-1.0,-1.0,1/2-1/2,0
6,-0.7952,325,White,random,0.1003,0.1003,-0.0993,1/2-1/2,0
7,-0.7944,514,White,random,0.3612,0.3612,0.0302,1/2-1/2,0
8,-0.7936,470,White,random,-1.0,-1.0,-1.0,1/2-1/2,0
9,-0.7928,417,White,random,-1.0,-1.0,-1.0,1/2-1/2,0
10,-0.792,449,White,random,-1.0,-1.0,-1.0,1/2-1/2,0
11,-0.7912,491,White,random,-1.0,-1.0,-1.0,1/2-1/2,0
12,-0.7904,517,White,random,-1.0,-1.0,-1.0,1/2-1/2,0
13,1,73,White,random,-1.0,-1.0,-1.0,1-0,0
14,-0.7888,392,White,random,-1.0,-1.0,-1.0,1/2-1/2,0
15,-1,224,White,random,-1.0,-1.0,-1.0,0-1,0
16,-0.7872,368,White,random,-1.0,-1.0,-1.0,1/2-1/2,0
17,-0.7864,288,White,random,-1.0,-1.0,-1.0,1/2-1/2,0
18,-0.7856,267,White,random,-1.0,-1.0,-1.0,1/2-1/2,0
19,-1,98,White,random,-1.0,-1.0,-1.0,0-1,0
20,-0.784,405,White,random,-1.0,-1.0,-1.0,1/2-1/2,0
21,-0.7832,234,White,random,-1.0,-1.0,-1.0,1/2-1/2,0
22,-0.7824,332,White,random,0.4907,0.4907,0.067,1/2-1/2,0
23,-0.7816,324,White,random,-1.0,-1.0,-1.0,1/2-1/2,0
24,-0.7808,402,White,random,-1.0,-1.0,-1.0,1/2-1/2,0
25,-0.78,406,White,random,0.5507,0.5507,0.2051,1/2-1/2,0
26,-0.7792,238,White,random,-1.0,-1.0,-1.0,1/2-1/2,0
27,-0.7784,260,White,random,0.2875,0.2875,0.0925,1/2-1/2,0
28,-0.7776,551,White,random,-1.0,-1.0,-1.0,1/2-1/2,0
29,-0.7768,344,White,random,0.27,0.27,0.0769,1/2-1/2,0
30,-0.776,329,White,random,-1.0,-1.0,-1.0,1/2-1/2,0
31,-0.7752,442,White,random,-1.0,-1.0,-1.0,1/2-1/2,0
32,-0.7744,345,White,random,0.3133,0.3133,0.1576,1/2-1/2,0
33,-0.7736,371,White,random,-1.0,-1.0,-1.0,1/2-1/2,0
34,-0.7728,376,White,random,0.3714,0.3714,-0.0153,1/2-1/2,0
35,-0.772,445,White,random,0.2347,0.2347,-0.0098,1/2-1/2,0
36,-0.7712,342,White,random,-1.0,-1.0,-1.0,1/2-1/2,0
37,-0.7704,319,White,random,0.4795,0.4795,0.0134,1/2-1/2,0
38,-0.7696,299,White,random,-1.0,-1.0,-1.0,1/2-1/2,0
39,-0.7688,391,White,random,-1.0,-1.0,-1.0,1/2-1/2,0
40,-0.768,357,White,random,0.6144,0.6144,0.0718,1/2-1/2,0
41,-1,84,White,random,-1.0,-1.0,-1.0,0-1,0
42,-0.7664,517,White,random,0.3954,0.3954,0.0345,1/2-1/2,0
43,-0.7656,389,White,random,-1.0,-1.0,-1.0,1/2-1/2,0
44,-0.7648,391,White,random,0.391,0.391,0.185,1/2-1/2,0
45,-0.764,305,White,random,0.4101,0.4101,0.0474,1/2-1/2,0
46,-1,248,White,random,-0.0144,-0.0144,-0.1462,0-1,0
47,-0.7624,494,White,random,0.385,0.385,-0.0084,1/2-1/2,0
48,-0.7616,377,White,random,-1.0,-1.0,-1.0,1/2-1/2,0
49,-0.7608,340,White,random,-1.0,-1.0,-1.0,1/2-1/2,0
50,1,29,White,random,0.3681,0.3681,0.0415,1-0,0
51,-0.7592,432,White,random,-1.0,-1.0,-1.0,1/2-1/2,0
52,-0.7584,388,White,random,-1.0,-1.0,-1.0,1/2-1/2,0
53,-1,444,White,random,0.1763,0.1763,0.0931,0-1,0
54,-0.7568,514,White,random,0.4388,0.4388,0.2442,1/2-1/2,0
55,-0.756,337,White,random,0.3098,0.3098,0.2336,1/2-1/2,0
56,-0.7552,475,White,random,-1.0,-1.0,-1.0,1/2-1/2,0
57,1,115,White,random,-1.0,-1.0,-1.0,1-0,0
58,-0.7536,457,White,random,-0.027,-0.027,-0.0742,1/2-1/2,0
59,-0.7528,621,White,random,0.3433,0.3433,0.236,1/2-1/2,0
60,1,263,White,random,0.348,0.348,-1e-04,1-0,0
61,-0.7512,406,White,random,0.1154,0.1154,-0.0452,1/2-1/2,0
62,-0.7504,278,White,random,-1.0,-1.0,-1.0,1/2-1/2,0
63,-1,160,White,random,0.343,0.343,0.055,0-1,0
64,-0.7488,214,White,random,-1.0,-1.0,-1.0,1/2-1/2,0
65,-0.748,367,White,random,-1.0,-1.0,-1.0,1/2-1/2,0
66,-0.7472,286,White,random,0.4425,0.4425,0.0559,1/2-1/2,0
67,-0.7464,477,White,random,-0.1073,-0.1073,-0.2272,1/2-1/2,0
68,-0.7456,352,White,random,0.588,0.588,0.1257,1/2-1/2,0
69,-0.7448,346,White,random,0.2214,0.2214,0.0216,1/2-1/2,0
70,-0.744,402,White,random,-1.0,-1.0,-1.0,1/2-1/2,0
71,-0.7432,363,White,random,0.3285,0.3285,0.0686,1/2-1/2,0
72,-0.7424,484,White,random,0.3997,0.3997,0.0571,1/2-1/2,0
73,-0.7416,513,White,random,0.2937,0.2937,0.0148,1/2-1/2,0
74,1,295,White,random,0.3501,0.3501,-0.0182,1-0,0
75,-1,236,White,random,0.3036,0.3036,-0.0142,0-1,0
76,1,119,White,random,-1.0,-1.0,-1.0,1-0,0
77,-1,198,White,random,0.3566,0.3566,0.1112,0-1,0
78,-0.7376,449,White,random,0.2628,0.2628,0.0944,1/2-1/2,0
79,-0.7368,254,White,random,0.4125,0.4125,0.0947,1/2-1/2,0
80,-0.736,344,White,random,0.5116,0.5116,0.1474,1/2-1/2,0
81,-0.7352,467,White,random,-1.0,-1.0,-1.0,1/2-1/2,0
82,-0.7344,445,White,random,0.1858,0.1858,-0.0478,1/2-1/2,0
83,-0.7336,559,White,random,-1.0,-1.0,-1.0,1/2-1/2,0
84,-0.7328,335,White,random,-1.0,-1.0,-1.0,1/2-1/2,0
85,-0.732,510,White,random,0.3136,0.3136,0.0617,1/2-1/2,0
86,-0.7312,213,White,random,0.3555,0.3555,0.0134,1/2-1/2,0
87,-0.7304,472,White,random,0.2926,0.2926,0.0761,1/2-1/2,0
88,-0.7296,601,White,random,-1.0,-1.0,-1.0,1/2-1/2,0
89,-0.7288,342,White,random,0.6599,0.6599,0.1567,1/2-1/2,0
90,-0.728,584,White,random,0.2358,0.2358,0.0824,1/2-1/2,0
91,-0.7272,415,White,random,0.4578,0.4578,0.2114,1/2-1/2,0
92,-1,236,White,random,-1.0,-1.0,-1.0,0-1,0
93,-0.7256,336,White,random,0.0932,0.0932,0.015,1/2-1/2,0
94,-0.7248,525,White,random,0.3318,0.3318,0.259,1/2-1/2,0
95,-0.724,412,White,random,0.2489,0.2489,0.117,1/2-1/2,0
96,-0.7232,352,White,random,0.2048,0.2048,-0.0777,1/2-1/2,0
97,-0.7224,467,White,random,0.2645,0.2645,0.0953,1/2-1/2,0
98,-0.7216,414,White,random,0.4208,0.4208,0.0708,1/2-1/2,0
99,-0.7208,377,White,random,0.4114,0.4114,0.0621,1/2-1/2,0
100,-0.72,612,White,random,0.2839,0.2839,0.1197,1/2-1/2,0
101,-0.7192,522,White,random,0.5704,0.5704,0.2217,1/2-1/2,0
102,-0.7184,494,White,random,0.7405,0.7405,0.0899,1/2-1/2,0
103,-0.7176,426,White,random,0.9515,0.9515,0.3039,1/2-1/2,0
104,-0.7168,600,White,random,-1.0,-1.0,-1.0,1/2-1/2,0
105,-1,108,White,random,0.9227,0.9227,0.2124,0-1,0
106,-0.7152,356,White,random,0.8741,0.8741,0.3096,1/2-1/2,0
107,1,53,White,random,1.1544,1.1544,0.2062,1-0,0
108,-1,198,White,random,0.7188,0.7188,0.1885,0-1,0
109,-1,132,White,random,-1.0,-1.0,-1.0,0-1,0
110,-0.712,402,White,random,1.2419,1.2419,0.1587,1/2-1/2,0
111,-0.7112,492,White,random,1.0429,1.0429,0.1992,1/2-1/2,0
112,-0.7104,541,White,random,0.3853,0.3853,0.3264,1/2-1/2,0
113,-0.7096,682,White,random,0.9123,0.9123,0.2903,1/2-1/2,0
114,-0.7088,385,White,random,-1.0,-1.0,-1.0,1/2-1/2,0
115,-1,284,White,random,0.6559,0.6559,0.2074,0-1,0
116,-0.7072,269,White,random,-1.0,-1.0,-1.0,1/2-1/2,0
117,-0.7064,305,White,random,0.9434,0.9434,0.5319,1/2-1/2,0
118,-1,406,White,random,-1.0,-1.0,-1.0,0-1,0
119,-0.7048,334,White,random,0.7477,0.7477,0.6816,1/2-1/2,0
120,-0.704,460,White,random,1.0437,1.0437,0.5709,1/2-1/2,0
121,-0.7032,516,White,random,0.9203,0.9203,0.1475,1/2-1/2,0
122,-1,162,White,random,0.7182,0.7182,0.0848,0-1,0
123,-0.7016,324,White,random,0.7213,0.7213,0.518,1/2-1/2,0
124,1,261,White,random,0.9295,0.9295,0.0399,1-0,0
125,-0.7,349,White,random,-1.0,-1.0,-1.0,1/2-1/2,0
126,-0.6992,328,White,random,0.7521,0.7521,0.4996,1/2-1/2,0
127,-0.6984,271,White,random,-1.0,-1.0,-1.0,1/2-1/2,0
128,-0.6976,549,White,random,0.983,0.983,0.4832,1/2-1/2,0
129,-0.9,603,White,random,0.9861,0.9861,0.3882,1/2-1/2,0
130,-0.696,556,White,random,0.4597,0.4597,0.0661,1/2-1/2,0
131,-0.6952,564,White,random,0.7854,0.7854,0.1555,1/2-1/2,0
132,-0.6944,432,White,random,0.5611,0.5611,0.515,1/2-1/2,0
133,-0.6936,463,White,random,0.471,0.471,0.3168,1/2-1/2,0
134,-0.6928,547,White,random,0.8567,0.8567,0.2544,1/2-1/2,0
135,-0.692,514,White,random,0.7563,0.7563,0.2441,1/2-1/2,0
136,-0.6912,588,White,random,0.1595,0.1595,0.1132,1/2-1/2,0
137,-0.6904,490,White,random,0.9826,0.9826,0.1894,1/2-1/2,0
138,-0.6896,595,White,random,0.1626,0.1626,0.0881,1/2-1/2,0
139,-0.6888,429,White,random,0.6433,0.6433,0.007,1/2-1/2,0
140,-1,56,White,random,0.8692,0.8692,0.6302,0-1,0
141,-0.6872,547,White,random,0.768,0.768,0.3369,1/2-1/2,0
142,-0.6864,536,White,random,0.8442,0.8442,0.2236,1/2-1/2,0
143,-0.6856,545,White,random,0.8511,0.8511,0.3966,1/2-1/2,0
144,-0.6848,377,White,random,0.7223,0.7223,0.333,1/2-1/2,0
145,-0.684,359,White,random,0.6877,0.6877,0.5048,1/2-1/2,0
146,-0.6832,319,White,random,0.4638,0.4638,0.0863,1/2-1/2,0
147,-0.6824,387,White,random,0.5746,0.5746,0.3379,1/2-1/2,0
148,-0.6816,433,White,random,0.6523,0.6523,0.4665,1/2-1/2,0
149,-0.6808,566,White,random,0.8379,0.8379,0.2397,1/2-1/2,0
150,-0.68,413,White,random,-1.0,-1.0,-1.0,1/2-1/2,0
151,-0.6792,495,White,random,0.6338,0.6338,0.4094,1/2-1/2,0
152,-0.6784,250,White,random,-1.0,-1.0,-1.0,1/2-1/2,0
153,-0.6776,504,White,random,0.847,0.847,0.0779,1/2-1/2,0
154,-0.6768,380,White,random,-1.0,-1.0,-1.0,1/2-1/2,0
155,-1,110,White,random,1.2268,1.2268,0.4807,0-1,0
156,-0.6752,423,White,random,0.4033,0.4033,0.2804,1/2-1/2,0
157,-0.6744,298,White,random,0.779,0.779,0.3543,1/2-1/2,0
158,-1,366,White,random,-1.0,-1.0,-1.0,0-1,0
159,1,181,White,random,0.8723,0.8723,0.263,1-0,0
160,-0.672,340,White,random,0.7492,0.7492,0.4861,1/2-1/2,0
161,-0.6712,473,White,random,0.8917,0.8917,0.5374,1/2-1/2,0
162,-0.6704,456,White,random,0.4046,0.4046,0.0964,1/2-1/2,0
163,-1,168,White,random,0.8553,0.8553,0.2265,0-1,0
164,-0.6688,399,White,random,0.502,0.502,0.2697,1/2-1/2,0
165,-0.668,619,White,random,0.4156,0.4156,0.031,1/2-1/2,0
166,-0.6672,242,White,random,-1.0,-1.0,-1.0,1/2-1/2,0
167,-0.6664,382,White,random,0.8244,0.8244,0.3921,1/2-1/2,0
168,-0.6656,481,White,random,0.8966,0.8966,0.356,1/2-1/2,0
169,-0.6648,696,White,random,0.6681,0.6681,0.4672,1/2-1/2,0
170,-0.664,606,White,random,0.7448,0.7448,0.4867,1/2-1/2,0
171,-0.6632,422,White,random,0.6907,0.6907,0.6677,1/2-1/2,0
172,-0.6624,647,White,random,0.8018,0.8018,0.4942,1/2-1/2,0
173,-0.6616,374,White,random,0.5278,0.5278,0.3802,1/2-1/2,0
174,-0.6608,456,White,random,0.933,0.933,0.3564,1/2-1/2,0
175,-0.66,388,White,random,0.7035,0.7035,0.255,1/2-1/2,0
176,1,247,White,random,0.7596,0.7596,0.2295,1-0,0
177,-0.6584,618,White,random,0.3537,0.3537,0.0526,1/2-1/2,0
178,-0.9,567,White,random,0.9086,0.9086,0.3537,1/2-1/2,0
179,-0.6568,519,White,random,0.7779,0.7779,0.489,1/2-1/2,0
180,-0.656,618,White,random,0.888,0.888,0.1736,1/2-1/2,0
181,-0.6552,550,White,random,-1.0,-1.0,-1.0,1/2-1/2,0
182,-0.6544,364,White,random,0.7687,0.7687,0.2063,1/2-1/2,0
183,-0.6536,360,White,random,0.9067,0.9067,0.4229,1/2-1/2,0
184,-0.6528,341,White,random,0.5883,0.5883,0.2272,1/2-1/2,0
185,-0.652,517,White,random,0.6835,0.6835,0.5348,1/2-1/2,0
186,-0.6512,510,White,random,0.7826,0.7826,0.2913,1/2-1/2,0
187,-1,110,White,random,1.1007,1.1007,0.3112,0-1,0
188,-1,58,White,random,1.0106,1.0106,0.5593,0-1,0
189,-0.6488,446,White,random,0.893,0.893,0.4927,1/2-1/2,0
190,-0.648,771,White,random,0.7501,0.7501,0.4861,1/2-1/2,0
191,-0.9,670,White,random,0.9049,0.9049,0.4349,1/2-1/2,0
192,-0.6464,407,White,random,0.5528,0.5528,0.4479,1/2-1/2,0
193,-0.6456,321,White,random,0.7026,0.7026,0.5575,1/2-1/2,0
194,-1,242,White,random,0.7984,0.7984,0.3294,0-1,0
195,-0.644,441,White,random,0.6692,0.6692,0.3849,1/2-1/2,0
196,-0.6432,370,White,random,0.765,0.765,0.6678,1/2-1/2,0
197,-0.6424,345,White,random,0.9347,0.9347,0.5429,1/2-1/2,0
198,-0.9,485,White,random,0.7549,0.7549,0.428,1/2-1/2,0
199,-0.9,652,White,random,1.0019,1.0019,0.1301,1/2-1/2,0
200,-0.64,444,White,random,0.8193,0.8193,0.6497,1/2-1/2,0
201,-0.6392,377,White,random,-1.0,-1.0,-1.0,1/2-1/2,0
202,-0.6384,279,White,random,1.7104,1.7104,0.4819,1/2-1/2,0
203,-1,266,White,random,1.9187,1.9187,0.6923,0-1,0
204,-0.6368,494,White,random,1.3584,1.3584,0.1857,1/2-1/2,0
205,-0.636,583,White,random,1.4624,1.4624,0.1172,1/2-1/2,0
206,-0.6352,907,White,random,1.7539,1.7539,1.1108,1/2-1/2,0
207,-0.6344,151,White,random,1.822,1.822,1.1119,1/2-1/2,0
208,-0.6336,318,White,random,1.9449,1.9449,0.6585,1/2-1/2,0
209,-1,132,White,random,1.8204,1.8204,0.6264,0-1,0
210,-0.632,364,White,random,1.4306,1.4306,0.791,1/2-1/2,0
211,-0.6312,476,White,random,1.6734,1.6734,0.2334,1/2-1/2,0
212,-0.6304,469,White,random,1.4397,1.4397,0.3017,1/2-1/2,0
213,-0.9,236,White,random,1.6298,1.6298,0.2135,1/2-1/2,0
214,-0.6288,441,White,random,1.2063,1.2063,1.1055,1/2-1/2,0
215,1,27,White,random,2.0718,2.0718,1.1078,1-0,0
216,-0.9,276,White,random,1.69,1.69,0.5463,1/2-1/2,0
217,-1,124,White,random,2.017,2.017,1.327,0-1,0
218,-0.6256,734,White,random,1.9066,1.9066,1.1666,1/2-1/2,0
219,-0.6248,373,White,random,1.9617,1.9617,1.9009,1/2-1/2,0
220,-0.624,941,White,random,1.7906,1.7906,0.7064,1/2-1/2,0
221,-0.6232,727,White,random,1.6977,1.6977,1.0686,1/2-1/2,0
222,-0.6224,428,White,random,1.5447,1.5447,1.2561,1/2-1/2,0
223,-0.6216,373,White,random,-1.0,-1.0,-1.0,1/2-1/2,0
224,-0.6208,384,White,random,1.7358,1.7358,0.7015,1/2-1/2,0
225,-0.62,611,White,random,1.5675,1.5675,0.7489,1/2-1/2,0
226,-0.6192,391,White,random,1.4249,1.4249,1.2628,1/2-1/2,0
227,-0.6184,553,White,random,1.6828,1.6828,1.1895,1/2-1/2,0
228,-0.6176,430,White,random,1.8084,1.8084,0.5394,1/2-1/2,0
229,-0.6168,609,White,random,1.3034,1.3034,0.975,1/2-1/2,0
230,-0.616,615,White,random,1.7328,1.7328,1.0076,1/2-1/2,0
231,1,227,White,random,1.8434,1.8434,0.7111,1-0,0
232,-1,278,White,random,1.6922,1.6922,1.0173,0-1,0
233,-0.6136,432,White,random,1.8926,1.8926,1.0633,1/2-1/2,0
234,-0.6128,578,White,random,1.6734,1.6734,1.0698,1/2-1/2,0
235,-1,144,White,random,1.7641,1.7641,0.5373,0-1,0
236,-1,58,White,random,1.9822,1.9822,1.1342,0-1,0
237,-0.6104,205,White,random,1.806,1.806,0.6164,1/2-1/2,0
238,-0.6096,242,White,random,1.267,1.267,1.267,1/2-1/2,0
239,-1,302,White,random,1.7263,1.7263,1.3036,0-1,0
240,-0.608,345,White,random,-1.0,-1.0,-1.0,1/2-1/2,0
241,-0.6072,214,White,random,1.6074,1.6074,-0.0365,1/2-1/2,0
242,-0.6064,650,White,random,1.8115,1.8115,0.7332,1/2-1/2,0
243,-0.6056,351,White,random,1.5567,1.5567,0.6724,1/2-1/2,0
244,-1,298,White,random,1.8008,1.8008,0.7694,0-1,0
245,-0.9,243,White,random,1.9242,1.9242,1.0596,1/2-1/2,0
246,-0.9,598,White,random,1.8304,1.8304,1.3918,1/2-1/2,0
247,-1,354,White,random,1.7664,1.7664,0.79,0-1,0
248,-0.6016,373,White,random,1.2301,1.2301,0.8827,1/2-1/2,0
249,-0.6008,824,White,random,1.6502,1.6502,1.4391,1/2-1/2,0
250,-0.6,346,White,random,-1.0,-1.0,-1.0,1/2-1/2,0
251,-0.5992,315,White,random,1.7805,1.7805,1.1857,1/2-1/2,0
252,-1,274,White,random,1.9605,1.9605,1.3266,0-1,0
253,-0.5976,483,White,random,1.9406,1.9406,0.9951,1/2-1/2,0
254,-0.5968,574,White,random,1.7796,1.7796,1.315,1/2-1/2,0
255,-1,138,White,random,1.8975,1.8975,0.9303,0-1,0
256,-0.5952,456,White,random,1.6481,1.6481,0.6579,1/2-1/2,0
257,-1,114,White,random,2.0496,2.0496,0.9526,0-1,0
258,-0.5936,418,White,random,1.755,1.755,1.2355,1/2-1/2,0
259,-0.5928,359,White,random,1.7389,1.7389,0.947,1/2-1/2,0
260,-0.592,353,White,random,1.6422,1.6422,1.2305,1/2-1/2,0
261,-0.5912,679,White,random,1.2847,1.2847,0.6991,1/2-1/2,0
262,-0.5904,439,White,random,1.2978,1.2978,1.218,1/2-1/2,0
263,-0.5896,355,White,random,-1.0,-1.0,-1.0,1/2-1/2,0
264,-0.5888,320,White,random,-0.3573,-0.3573,-0.3573,1/2-1/2,0
265,-0.588,428,White,random,1.745,1.745,1.2715,1/2-1/2,0
266,-0.9,435,White,random,1.7329,1.7329,1.4727,1/2-1/2,0
267,-1,90,White,random,2.0448,2.0448,1.3003,0-1,0
268,-1,216,White,random,1.7235,1.7235,0.9806,0-1,0
269,-1,392,White,random,1.5893,1.5893,0.7721,0-1,0
270,-1,286,White,random,1.6586,1.6586,0.7963,0-1,0
271,-0.5832,378,White,random,1.4633,1.4633,0.7804,1/2-1/2,0
272,-0.5824,295,White,random,1.642,1.642,0.9831,1/2-1/2,0
273,-0.5816,392,White,random,1.5122,1.5122,0.7208,1/2-1/2,0
274,-0.9,435,White,random,1.7295,1.7295,0.8632,1/2-1/2,0
275,-0.58,301,White,random,1.5902,1.5902,1.1734,1/2-1/2,0
276,-0.5792,697,White,random,-1.0,-1.0,-1.0,1/2-1/2,0
277,-0.5784,537,White,random,1.0809,1.0809,0.6045,1/2-1/2,0
278,-0.5776,637,White,random,1.8761,1.8761,1.3539,1/2-1/2,0
279,-0.5768,447,White,random,-1.0,-1.0,-1.0,1/2-1/2,0
280,-0.576,628,White,random,1.7966,1.7966,1.3485,1/2-1/2,0
281,-0.5752,579,White,random,1.5527,1.5527,0.5926,1/2-1/2,0
282,-1,246,White,random,1.4865,1.4865,0.1975,0-1,0
283,-0.5736,529,White,random,1.5531,1.5531,1.5099,1/2-1/2,0
284,-0.9,512,White,random,1.6592,1.6592,1.2628,1/2-1/2,0
285,-0.572,491,White,random,1.4639,1.4639,1.2238,1/2-1/2,0
286,-0.5712,665,White,random,1.6447,1.6447,0.7622,1/2-1/2,0
287,-0.9,629,White,random,1.7836,1.7836,1.3775,1/2-1/2,0
288,-0.5696,674,White,random,1.7629,1.7629,1.0998,1/2-1/2,0
289,-0.5688,478,White,random,1.4303,1.4303,0.7485,1/2-1/2,0
290,-1,384,White,random,1.4311,1.4311,1.3777,0-1,0
291,-0.5672,544,White,random,1.514,1.514,0.7426,1/2-1/2,0
292,-0.5664,286,White,random,1.825,1.825,0.6822,1/2-1/2,0
293,-0.9,474,White,random,1.5643,1.5643,1.2412,1/2-1/2,0
294,-0.5648,324,White,random,1.5074,1.5074,1.4341,1/2-1/2,0
295,-0.564,508,White,random,1.8595,1.8595,0.6861,1/2-1/2,0
296,-0.9,442,White,random,1.5599,1.5599,0.722,1/2-1/2,0
297,-0.5624,535,White,random,1.5568,1.5568,1.1627,1/2-1/2,0
298,-0.5616,667,White,random,1.494,1.494,1.158,1/2-1/2,0
299,-0.5608,513,White,random,1.1714,1.1714,1.1714,1/2-1/2,0
300,-0.9,46,White,self,2.0522,2.0522,1.5871,1/2-1/2,0
301,-0.9,329,White,past,3.5923,3.5923,1.1605,1/2-1/2,0
302,-0.9,39,White,self,3.8959,3.8959,2.6847,1/2-1/2,0
303,-0.9,298,White,self,3.6941,3.6941,2.5158,1/2-1/2,0
304,-0.9,25,White,self,3.8684,3.8684,2.7865,1/2-1/2,0
305,-0.9,107,White,past,3.6788,3.6788,2.3321,1/2-1/2,0
306,-0.9,29,White,self,3.5963,3.5963,2.6342,1/2-1/2,0
307,-0.9,25,White,self,3.8686,3.8686,3.089,1/2-1/2,0
308,-0.9,41,White,self,3.6801,3.6801,2.7086,1/2-1/2,0
309,-0.9,204,White,past,3.7077,3.7077,2.4253,1/2-1/2,0
310,-0.9,80,White,past,3.7189,3.7189,2.2582,1/2-1/2,0
311,-0.9,44,White,self,3.7208,3.7208,3.1165,1/2-1/2,0
312,-0.5504,515,White,random,3.33,3.33,1.0708,1/2-1/2,0
313,-0.9,53,White,self,4.0471,4.0471,2.3692,1/2-1/2,0
314,-0.5488,434,White,random,3.733,3.733,3.22,1/2-1/2,0
315,-0.9,149,White,self,3.8188,3.8188,1.4989,1/2-1/2,0
316,-0.9,207,White,random,3.63,3.63,1.3987,1/2-1/2,0
317,-0.9,29,White,self,4.0028,4.0028,2.7063,1/2-1/2,0
318,-0.9,33,White,self,3.8064,3.8064,2.7197,1/2-1/2,0
319,-0.9,466,White,past,3.496,3.496,2.9211,1/2-1/2,0
320,-0.9,535,White,past,3.632,3.632,2.5602,1/2-1/2,0
321,-0.9,125,White,past,3.8999,3.8999,2.1924,1/2-1/2,0
322,-0.9,384,White,random,3.6351,3.6351,3.0091,1/2-1/2,0
323,-0.9,125,White,self,3.67,3.67,2.2278,1/2-1/2,0
324,-0.9,376,White,past,3.8235,3.8235,2.6562,1/2-1/2,0
325,-0.9,30,White,self,3.6212,3.6212,2.8325,1/2-1/2,0
326,-0.9,78,White,self,3.76,3.76,2.912,1/2-1/2,0
327,-0.9,312,White,past,3.9862,3.9862,2.4848,1/2-1/2,0
328,-0.9,81,White,self,4.1316,4.1316,2.486,1/2-1/2,0
329,-0.9,659,White,past,3.3607,3.3607,2.9257,1/2-1/2,0
330,-0.9,29,White,self,3.7233,3.7233,3.2159,1/2-1/2,0
331,-0.5352,376,White,random,3.7488,3.7488,3.5471,1/2-1/2,0
332,1,57,White,past,3.6983,3.6983,2.1432,1-0,0
333,-0.9,26,White,self,3.8956,3.8956,3.1623,1/2-1/2,0
334,-1,90,White,random,3.7051,3.7051,2.398,0-1,0
335,-0.9,506,White,past,3.3898,3.3898,2.8939,1/2-1/2,0
336,-0.9,57,White,self,3.6181,3.6181,2.4356,1/2-1/2,0
337,-1,436,White,random,3.2984,3.2984,3.0423,0-1,0
338,-0.9,119,White,self,3.7961,3.7961,1.9382,1/2-1/2,0
339,1,143,White,past,3.906,3.906,1.9032,1-0,0
340,-1,84,White,random,3.8981,3.8981,1.9955,0-1,0
341,-0.9,77,White,self,3.809,3.809,2.6113,1/2-1/2,0
342,-0.5264,568,White,random,3.4473,3.4473,2.2123,1/2-1/2,0
343,-0.9,542,White,past,3.417,3.417,3.417,1/2-1/2,0
344,-0.5248,389,White,random,3.5058,3.5058,1.1545,1/2-1/2,0
345,-0.9,36,White,self,3.6903,3.6903,2.7744,1/2-1/2,0
346,-0.9,37,White,self,4.0498,4.0498,2.5911,1/2-1/2,0
347,-0.9,51,White,self,3.8922,3.8922,2.3874,1/2-1/2,0
348,-0.9,108,White,self,3.5641,3.5641,2.5385,1/2-1/2,0
349,-0.9,96,White,self,3.6667,3.6667,2.4804,1/2-1/2,0
350,-0.52,745,White,random,3.6779,3.6779,1.6382,1/2-1/2,0
351,-0.5192,524,White,random,3.7642,3.7642,3.3117,1/2-1/2,0
352,-0.9,86,White,past,3.7959,3.7959,2.4486,1/2-1/2,0
353,-0.9,26,White,self,3.812,3.812,3.2523,1/2-1/2,0
354,-0.9,466,White,past,3.6503,3.6503,3.0619,1/2-1/2,0
355,-0.9,42,White,self,3.794,3.794,2.7519,1/2-1/2,0
356,-1,60,White,random,3.7574,3.7574,2.5041,0-1,0
357,-0.9,27,White,self,3.9041,3.9041,2.7531,1/2-1/2,0
358,-0.5136,494,White,random,3.4196,3.4196,1.6001,1/2-1/2,0
359,-0.9,66,White,self,3.8828,3.8828,2.9573,1/2-1/2,0
360,-0.512,485,White,random,3.4967,3.4967,2.8014,1/2-1/2,0
361,-0.9,135,White,self,3.4617,3.4617,1.596,1/2-1/2,0
362,-0.9,41,White,self,3.6822,3.6822,3.0367,1/2-1/2,0
363,-0.9,28,White,self,3.835,3.835,2.7459,1/2-1/2,0
364,-0.9,42,White,self,3.6583,3.6583,2.7266,1/2-1/2,0
365,-0.9,27,White,self,3.7778,3.7778,2.7545,1/2-1/2,0
366,-0.9,41,White,self,3.7289,3.7289,2.9503,1/2-1/2,0
367,-0.9,49,White,self,3.741,3.741,2.8996,1/2-1/2,0
368,-0.5056,583,White,random,2.5944,2.5944,2.4712,1/2-1/2,0
369,-0.5048,609,White,random,2.7177,2.7177,0.7891,1/2-1/2,0
370,-0.9,82,White,self,3.7369,3.7369,2.9367,1/2-1/2,0
371,-0.9,41,White,self,3.9377,3.9377,3.0001,1/2-1/2,0
372,-0.9,256,White,past,3.7578,3.7578,2.3718,1/2-1/2,0
373,-0.9,36,White,past,3.8368,3.8368,2.7081,1/2-1/2,0
374,-0.5008,547,White,random,2.8875,2.8875,0.8736,1/2-1/2,0
375,-0.9,47,White,self,3.9367,3.9367,2.7173,1/2-1/2,0
376,-0.9,59,White,self,3.8823,3.8823,2.3175,1/2-1/2,0
377,-0.4984,593,White,random,3.8472,3.8472,2.2299,1/2-1/2,0
378,-0.9,42,White,past,3.9114,3.9114,2.8382,1/2-1/2,0
379,-0.9,82,White,self,4.0117,4.0117,3.3519,1/2-1/2,0
380,-0.9,33,White,self,3.8444,3.8444,2.8276,1/2-1/2,0
381,-0.9,101,White,self,3.8055,3.8055,2.1031,1/2-1/2,0
382,-1,466,White,random,3.546,3.546,3.5317,0-1,0
383,-0.9,138,White,past,3.855,3.855,2.3722,1/2-1/2,0
384,-0.4928,412,White,random,3.6533,3.6533,1.6749,1/2-1/2,0
385,-0.9,28,White,self,3.8872,3.8872,3.3526,1/2-1/2,0
386,-0.9,129,White,self,3.4772,3.4772,2.6869,1/2-1/2,0
387,-0.9,71,White,self,3.7302,3.7302,3.0996,1/2-1/2,0
388,-0.9,36,White,self,3.8884,3.8884,3.0032,1/2-1/2,0
389,-0.4888,506,White,random,3.6689,3.6689,2.8627,1/2-1/2,0
390,-0.9,140,White,past,3.9586,3.9586,2.7146,1/2-1/2,0
391,-0.9,85,White,self,3.9389,3.9389,2.2717,1/2-1/2,0
392,-1,120,White,past,3.5925,3.5925,2.5409,0-1,0
393,-0.9,49,White,self,4.165,4.165,2.768,1/2-1/2,0
394,-0.9,96,White,self,3.9548,3.9548,2.5773,1/2-1/2,0
395,-0.9,35,White,self,4.0864,4.0864,2.5515,1/2-1/2,0
396,-1,156,White,random,3.8527,3.8527,2.5084,0-1,0
397,-0.4824,454,White,random,3.6427,3.6427,1.8252,1/2-1/2,0
398,-0.9,64,White,self,3.7209,3.7209,2.5974,1/2-1/2,0
399,-0.4808,461,White,random,3.0833,3.0833,3.0833,1/2-1/2,0
400,-1,200,White,random,-1.0,-1.0,-1.0,0-1,0
401,-0.9,184,White,past,7.8639,7.8639,4.0349,1/2-1/2,0
402,-0.9,370,White,past,6.9236,6.9236,5.2165,1/2-1/2,0
403,-0.9,111,White,self,7.3217,7.3217,5.0176,1/2-1/2,0
404,-0.9,324,White,past,7.459,7.459,3.7938,1/2-1/2,0
405,-0.9,65,White,self,7.8446,7.8446,4.9786,1/2-1/2,0
406,-1,340,White,random,8.061,8.061,7.4762,0-1,0
407,-0.4744,348,White,random,7.6487,7.6487,6.6268,1/2-1/2,0
408,-0.9,41,White,self,7.6901,7.6901,5.1587,1/2-1/2,0
409,-0.4728,410,White,random,7.3628,7.3628,3.8199,1/2-1/2,0
410,-0.9,36,White,self,7.9962,7.9962,5.3515,1/2-1/2,0
411,-0.9,50,White,self,7.6212,7.6212,5.5668,1/2-1/2,0
412,-0.9,37,White,self,7.5028,7.5028,5.0374,1/2-1/2,0
413,-0.9,47,White,self,7.7929,7.7929,4.7704,1/2-1/2,0
414,-0.9,572,White,past,7.686,7.686,3.5568,1/2-1/2,0
415,-0.9,130,White,self,7.6898,7.6898,4.5721,1/2-1/2,0
416,-0.9,248,White,past,7.8715,7.8715,5.4023,1/2-1/2,0
417,-0.9,84,White,self,7.7401,7.7401,6.1714,1/2-1/2,0
418,-0.9,35,White,self,7.7767,7.7767,5.2309,1/2-1/2,0
419,-0.9,33,White,self,7.7137,7.7137,5.3765,1/2-1/2,0
420,-1,166,White,random,7.9285,7.9285,5.8135,0-1,0
421,-0.9,73,White,self,7.6069,7.6069,4.6963,1/2-1/2,0
422,-0.9,33,White,self,7.5695,7.5695,5.2186,1/2-1/2,0
423,-0.9,89,White,self,7.709,7.709,5.0393,1/2-1/2,0
424,-0.9,42,White,self,7.5117,7.5117,5.2159,1/2-1/2,0
425,-0.9,112,White,past,7.725,7.725,4.2057,1/2-1/2,0
426,-0.9,51,White,self,7.5828,7.5828,5.1247,1/2-1/2,0
427,-0.9,36,White,self,7.8308,7.8308,5.1509,1/2-1/2,0
428,-0.4576,486,White,random,7.4085,7.4085,3.675,1/2-1/2,0
429,-0.9,312,White,past,7.7054,7.7054,6.3225,1/2-1/2,0
430,-1,140,White,self,7.6047,7.6047,6.4075,0-1,0
431,-0.9,39,White,self,7.6887,7.6887,4.9652,1/2-1/2,0
432,-0.4544,548,White,random,7.2767,7.2767,4.0879,1/2-1/2,0
433,-0.9,35,White,self,7.7637,7.7637,4.451,1/2-1/2,0
434,-0.9,401,White,random,7.6705,7.6705,3.552,1/2-1/2,0
435,-0.9,101,White,past,7.808,7.808,5.2266,1/2-1/2,0
436,-0.9,41,White,self,7.82,7.82,6.4332,1/2-1/2,0
437,-1,154,White,random,7.9597,7.9597,4.7206,0-1,0
438,-0.9,120,White,past,7.7187,7.7187,4.9494,1/2-1/2,0
439,-0.9,383,White,past,7.5394,7.5394,6.6924,1/2-1/2,0
440,-0.9,193,White,past,7.7184,7.7184,6.1185,1/2-1/2,0
441,-0.4472,456,White,past,7.8007,7.8007,7.188,1/2-1/2,0
442,-0.9,54,White,self,7.6103,7.6103,5.4257,1/2-1/2,0
443,-0.9,38,White,self,7.5061,7.5061,5.1267,1/2-1/2,0
444,-0.9,56,White,self,7.5417,7.5417,5.6454,1/2-1/2,0
445,-0.9,74,White,self,7.7532,7.7532,4.6938,1/2-1/2,0
446,-0.9,323,White,random,7.702,7.702,5.8056,1/2-1/2,0
447,-0.9,40,White,self,8.0523,8.0523,5.4564,1/2-1/2,0
448,-0.9,59,White,self,7.7076,7.7076,4.7131,1/2-1/2,0
449,-0.9,79,White,self,8.1167,8.1167,5.8284,1/2-1/2,0
450,-0.9,33,White,self,7.6543,7.6543,5.4419,1/2-1/2,0
451,-0.9,271,White,past,7.5448,7.5448,4.4943,1/2-1/2,0
452,-0.9,49,White,self,7.6826,7.6826,5.2299,1/2-1/2,0
453,-0.9,75,White,self,7.8837,7.8837,5.2457,1/2-1/2,0
454,-0.9,230,White,past,7.8327,7.8327,5.3733,1/2-1/2,0
455,-1,378,White,random,6.7243,6.7243,2.7511,0-1,0
456,-0.9,84,White,self,8.0458,8.0458,4.8269,1/2-1/2,0
457,-0.9,78,White,self,7.9825,7.9825,5.4315,1/2-1/2,0
458,-0.9,42,White,self,7.9777,7.9777,5.1535,1/2-1/2,0
459,-0.4328,494,White,random,7.7696,7.7696,4.2627,1/2-1/2,0
460,-0.9,88,White,self,7.6183,7.6183,5.5834,1/2-1/2,0
461,-0.9,127,White,past,7.7478,7.7478,5.5219,1/2-1/2,0
462,-0.9,71,White,self,7.7432,7.7432,6.5938,1/2-1/2,0
463,-0.9,41,White,self,7.9631,7.9631,6.4315,1/2-1/2,0
464,-0.9,216,White,self,7.6403,7.6403,5.7005,1/2-1/2,0
465,-0.9,316,White,past,7.1978,7.1978,6.3666,1/2-1/2,0
466,-0.9,168,White,past,7.3834,7.3834,5.8131,1/2-1/2,0
467,-0.9,57,White,self,7.8094,7.8094,6.1226,1/2-1/2,0
468,-0.9,88,White,self,8.0407,8.0407,5.2393,1/2-1/2,0
469,-0.9,43,White,past,7.7779,7.7779,4.9232,1/2-1/2,0
470,-0.9,102,White,past,8.167,8.167,6.754,1/2-1/2,0
471,-0.9,30,White,self,7.4653,7.4653,5.5346,1/2-1/2,0
472,-0.9,41,White,self,7.5882,7.5882,5.1762,1/2-1/2,0
473,-0.9,69,White,self,7.8534,7.8534,5.5277,1/2-1/2,0
474,-0.9,558,White,past,7.168,7.168,6.4638,1/2-1/2,0
475,-0.9,65,White,self,7.6164,7.6164,5.0751,1/2-1/2,0
476,-0.9,172,White,self,7.7646,7.7646,4.947,1/2-1/2,0
477,-0.9,488,White,past,7.0552,7.0552,5.3683,1/2-1/2,0
478,-0.9,28,White,self,7.8243,7.8243,5.9022,1/2-1/2,0
479,-0.9,80,White,self,7.4665,7.4665,4.346,1/2-1/2,0
480,-0.416,480,White,random,7.0587,7.0587,3.8155,1/2-1/2,0
481,-0.9,39,White,past,7.7957,7.7957,5.1789,1/2-1/2,0
482,-0.9,355,White,past,7.6409,7.6409,7.0949,1/2-1/2,0
483,-0.9,687,White,random,7.2542,7.2542,5.197,1/2-1/2,0
484,-0.9,46,White,self,8.1378,8.1378,5.5424,1/2-1/2,0
485,-0.412,206,White,past,6.7325,6.7325,6.7325,1/2-1/2,0
486,-0.9,58,White,self,7.6636,7.6636,5.4971,1/2-1/2,0
487,-0.9,92,White,self,7.889,7.889,5.9388,1/2-1/2,0
488,-1,156,White,past,8.0783,8.0783,5.1439,0-1,0
489,-0.9,320,White,random,8.2344,8.2344,5.2766,1/2-1/2,0
490,-0.408,544,White,random,8.0018,8.0018,3.9265,1/2-1/2,0
491,-0.4072,323,White,past,7.2278,7.2278,6.141,1/2-1/2,0
492,-0.4064,629,White,past,7.3393,7.3393,6.3211,1/2-1/2,0
493,-0.9,115,White,past,7.9504,7.9504,6.4061,1/2-1/2,0
494,-0.4048,345,White,random,7.1826,7.1826,3.2241,1/2-1/2,0
495,-0.9,28,White,self,7.8405,7.8405,5.9083,1/2-1/2,0
496,-0.4032,445,White,random,7.2854,7.2854,7.2361,1/2-1/2,0
497,-0.9,44,White,self,7.56,7.56,5.1287,1/2-1/2,0
498,-1,76,White,random,7.2863,7.2863,4.8006,0-1,0
499,-0.4008,408,White,random,7.0978,7.0978,6.2495,1/2-1/2,0
500,-0.9,43,White,self,7.7707,7.7707,5.7055,1/2-1/2,0
501,-0.9,71,White,self,12.9425,12.9425,5.5929,1/2-1/2,0
502,-0.9,697,White,past,13.075,13.075,8.0889,1/2-1/2,0
503,-0.9,43,White,self,15.6089,15.6089,9.5702,1/2-1/2,0
504,-0.9,38,White,self,15.3924,15.3924,10.135,1/2-1/2,0
505,-0.396,662,White,random,14.9218,14.9218,9.0821,1/2-1/2,0
506,-0.9,116,White,past,15.6666,15.6666,10.3764,1/2-1/2,0
507,-0.3944,219,White,random,14.6724,14.6724,12.9163,1/2-1/2,0
508,-0.9,66,White,self,15.4093,15.4093,10.3248,1/2-1/2,0
509,-0.9,46,White,self,14.8497,14.8497,10.013,1/2-1/2,0
510,-0.9,51,White,self,14.7031,14.7031,9.2769,1/2-1/2,0
511,-0.9,56,White,self,14.5861,14.5861,10.1988,1/2-1/2,0
512,-0.9,672,White,past,14.9344,14.9344,8.2208,1/2-1/2,0
513,-0.9,207,White,past,15.6463,15.6463,12.107,1/2-1/2,0
514,-0.3888,576,White,random,14.521,14.521,10.0814,1/2-1/2,0
515,-0.388,619,White,random,13.4152,13.4152,9.185,1/2-1/2,0
516,-1,216,White,random,15.4365,15.4365,7.0974,0-1,0
517,-0.9,157,White,past,15.029,15.029,10.4623,1/2-1/2,0
518,-0.9,56,White,self,14.3919,14.3919,9.2502,1/2-1/2,0
519,-0.9,59,White,self,16.0602,16.0602,10.1752,1/2-1/2,0
520,-0.9,353,White,past,14.7333,14.7333,12.5014,1/2-1/2,0
521,-0.9,101,White,self,15.5038,15.5038,9.4242,1/2-1/2,0
522,-0.9,40,White,past,15.3957,15.3957,10.4435,1/2-1/2,0
523,-0.9,158,White,self,15.076,15.076,11.3023,1/2-1/2,0
524,-0.3808,519,White,random,14.0996,14.0996,13.1241,1/2-1/2,0
525,-0.9,126,White,self,15.1497,15.1497,9.7773,1/2-1/2,0
526,-0.3792,582,White,past,14.673,14.673,14.2786,1/2-1/2,0
527,-0.9,88,White,self,14.829,14.829,8.8928,1/2-1/2,0
528,-0.9,157,White,past,14.619,14.619,9.8909,1/2-1/2,0
529,-0.3768,512,White,random,14.7671,14.7671,8.5652,1/2-1/2,0
530,-0.9,103,White,self,15.052,15.052,10.5846,1/2-1/2,0
531,-0.9,77,White,self,14.9298,14.9298,8.7928,1/2-1/2,0
532,-0.9,108,White,self,15.2826,15.2826,10.7031,1/2-1/2,0
533,-0.9,106,White,self,14.8161,14.8161,11.2411,1/2-1/2,0
534,-0.9,494,White,past,14.8702,14.8702,12.0494,1/2-1/2,0
535,-0.9,296,White,self,15.7778,15.7778,7.9748,1/2-1/2,0
536,-0.9,595,White,past,14.9051,14.9051,10.9507,1/2-1/2,0
537,-0.3704,540,White,random,14.1816,14.1816,12.1605,1/2-1/2,0
538,-0.9,58,White,self,15.2398,15.2398,11.4397,1/2-1/2,0
539,-0.9,194,White,past,14.9659,14.9659,10.1872,1/2-1/2,0
540,1,201,White,past,14.6619,14.6619,11.1702,1-0,0
541,-0.9,111,White,past,14.8541,14.8541,10.4567,1/2-1/2,0
542,-0.9,148,White,self,14.9164,14.9164,11.8345,1/2-1/2,0
543,-0.9,107,White,self,15.7554,15.7554,10.3862,1/2-1/2,0
544,-1,92,White,past,14.9099,14.9099,10.9821,0-1,0
545,-0.9,88,White,past,15.8966,15.8966,12.1568,1/2-1/2,0
546,-0.9,462,White,past,15.6929,15.6929,11.8287,1/2-1/2,0
547,-0.9,25,White,self,14.6156,14.6156,11.3027,1/2-1/2,0
548,-0.9,154,White,self,15.1576,15.1576,11.506,1/2-1/2,0
549,-0.9,354,White,past,9.5998,9.5998,-1.5844,1/2-1/2,0
550,-0.9,76,White,self,15.8268,15.8268,12.9689,1/2-1/2,0
551,-0.9,514,White,random,15.0793,15.0793,13.2796,1/2-1/2,0
552,-0.9,86,White,self,15.6899,15.6899,11.6764,1/2-1/2,0
553,-0.9,90,White,self,15.1214,15.1214,11.7755,1/2-1/2,0
554,-0.9,276,White,past,15.4817,15.4817,6.3367,1/2-1/2,0
555,-0.9,50,White,self,14.6571,14.6571,11.5041,1/2-1/2,0
556,-0.9,166,White,past,15.255,15.255,7.3151,1/2-1/2,0
557,-0.9,58,White,self,14.6927,14.6927,12.2376,1/2-1/2,0
558,-0.9,112,White,past,14.8774,14.8774,11.4883,1/2-1/2,0
559,-0.3528,433,White,past,13.8637,13.8637,5.2823,1/2-1/2,0
560,-0.9,226,White,self,13.8323,13.8323,10.6966,1/2-1/2,0
561,-1,204,White,past,13.8889,13.8889,5.3481,0-1,0
562,-0.9,56,White,self,15.3164,15.3164,10.4926,1/2-1/2,0
563,-0.3496,250,White,random,15.4464,15.4464,14.4524,1/2-1/2,0
564,-0.9,62,White,self,14.8999,14.8999,12.4717,1/2-1/2,0
565,-0.9,81,White,self,14.4917,14.4917,12.2587,1/2-1/2,0
566,-0.9,109,White,self,15.7876,15.7876,11.6509,1/2-1/2,0
567,-0.3464,464,White,past,-1.0,-1.0,-1.0,1/2-1/2,0
568,-0.9,69,White,self,14.8294,14.8294,12.1604,1/2-1/2,0
569,-0.9,48,White,self,15.0205,15.0205,11.5217,1/2-1/2,0
570,-0.9,340,White,past,15.2488,15.2488,6.2157,1/2-1/2,0
571,-0.9,95,White,self,15.0576,15.0576,12.4268,1/2-1/2,0
572,-0.9,44,White,self,15.0476,15.0476,10.1376,1/2-1/2,0
573,-0.3416,424,White,random,14.0536,14.0536,8.9457,1/2-1/2,0
574,-0.9,178,White,past,15.0464,15.0464,12.0122,1/2-1/2,0
575,-0.34,475,White,past,15.3679,15.3679,13.9211,1/2-1/2,0
576,-0.9,374,White,past,14.4595,14.4595,11.9208,1/2-1/2,0
577,-0.3384,491,White,random,-1.0,-1.0,-1.0,1/2-1/2,0
578,-0.3376,534,White,random,15.4789,15.4789,14.6439,1/2-1/2,0
579,-0.9,183,White,self,14.9659,14.9659,9.9036,1/2-1/2,0
580,-0.9,56,White,self,15.4088,15.4088,11.577,1/2-1/2,0
581,-0.9,112,White,self,15.3824,15.3824,11.9565,1/2-1/2,0
582,-0.9,108,White,past,15.58,15.58,10.1848,1/2-1/2,0
583,-0.9,65,White,self,15.0772,15.0772,9.7075,1/2-1/2,0
584,-0.3328,386,White,past,15.0439,15.0439,15.0439,1/2-1/2,0
585,-0.9,75,White,self,15.1267,15.1267,11.8478,1/2-1/2,0
586,-0.9,94,White,self,14.9912,14.9912,12.2641,1/2-1/2,0
587,-0.9,113,White,past,14.946,14.946,10.6087,1/2-1/2,0
588,-0.9,64,White,self,14.9687,14.9687,11.7482,1/2-1/2,0
589,-0.9,88,White,past,14.8894,14.8894,11.4712,1/2-1/2,0
590,-0.9,532,White,past,15.1647,15.1647,13.3998,1/2-1/2,0
591,-0.9,58,White,self,15.1104,15.1104,11.4004,1/2-1/2,0
592,-0.9,55,White,self,15.4488,15.4488,12.6542,1/2-1/2,0
593,-0.9,71,White,self,14.8451,14.8451,11.9351,1/2-1/2,0
594,-0.9,41,White,self,15.1599,15.1599,12.0793,1/2-1/2,0
595,-0.324,476,White,random,15.382,15.382,6.0478,1/2-1/2,0
596,-0.9,533,White,past,15.2421,15.2421,6.8831,1/2-1/2,0
597,-0.9,50,White,self,15.5039,15.5039,11.796,1/2-1/2,0
598,-0.3216,587,White,random,15.3993,15.3993,10.4419,1/2-1/2,0
599,1,211,White,past,15.1322,15.1322,14.089,1-0,0
600,-0.32,462,White,random,13.8517,13.8517,12.4601,1/2-1/2,0
601,-0.9,104,White,past,23.7446,23.7446,14.0069,1/2-1/2,0
602,-0.9,54,White,past,27.8064,27.8064,17.4929,1/2-1/2,0
603,-0.9,64,White,self,27.8778,27.8778,16.3766,1/2-1/2,0
604,-0.3168,553,White,random,27.34,27.34,26.7492,1/2-1/2,0
605,-0.9,136,White,self,26.2374,26.2374,16.5027,1/2-1/2,0
606,-0.9,101,White,self,27.7103,27.7103,19.5934,1/2-1/2,0
607,-0.9,157,White,past,25.4983,25.4983,18.1613,1/2-1/2,0
608,-0.9,75,White,self,28.4866,28.4866,20.4775,1/2-1/2,0
609,-0.9,55,White,self,28.9382,28.9382,20.2004,1/2-1/2,0
610,-0.9,101,White,self,29.1553,29.1553,14.6801,1/2-1/2,0
611,-0.9,76,White,self,26.4954,26.4954,21.8576,1/2-1/2,0
612,-0.3104,499,White,past,26.6311,26.6311,25.2253,1/2-1/2,0
613,-0.3096,754,White,random,24.9811,24.9811,13.1613,1/2-1/2,0
614,-0.9,35,White,self,26.3768,26.3768,19.7627,1/2-1/2,0
615,-0.9,303,White,past,26.3224,26.3224,15.8049,1/2-1/2,0
616,-1,122,White,random,27.8478,27.8478,19.1343,0-1,0
617,-0.9,35,White,self,26.0403,26.0403,19.7337,1/2-1/2,0
618,-0.9,173,White,past,29.5561,29.5561,18.1163,1/2-1/2,0
619,-0.9,58,White,self,27.2551,27.2551,20.8225,1/2-1/2,0
620,-1,320,White,random,21.1944,21.1944,21.1944,0-1,0
621,-0.9,294,White,past,28.3803,28.3803,22.1395,1/2-1/2,0
622,-0.9,825,White,past,-1.0,-1.0,-1.0,1/2-1/2,0
623,-0.9,40,White,past,26.534,26.534,21.285,1/2-1/2,0
624,-0.9,127,White,self,26.4843,26.4843,15.274,1/2-1/2,0
625,-0.9,501,White,past,26.6968,26.6968,23.522,1/2-1/2,0
626,-0.9,50,White,self,28.0319,28.0319,21.7654,1/2-1/2,0
627,-0.9,56,White,past,26.2894,26.2894,16.2213,1/2-1/2,0
628,-0.9,86,White,self,27.9057,27.9057,20.6132,1/2-1/2,0
629,-0.2968,550,White,random,27.8717,27.8717,20.0599,1/2-1/2,0
630,-0.9,53,White,self,27.9671,27.9671,20.7041,1/2-1/2,0
631,-0.9,72,White,self,26.3948,26.3948,18.5277,1/2-1/2,0
632,-0.9,38,White,self,26.6276,26.6276,19.9541,1/2-1/2,0
633,-0.9,44,White,self,26.771,26.771,21.2183,1/2-1/2,0
634,-0.9,119,White,self,26.7523,26.7523,21.3255,1/2-1/2,0
635,-0.292,561,White,past,29.2518,29.2518,22.5296,1/2-1/2,0
636,-0.9,86,White,self,27.2964,27.2964,20.7386,1/2-1/2,0
637,-0.9,87,White,self,27.4818,27.4818,19.7661,1/2-1/2,0
638,-0.9,61,White,past,26.731,26.731,20.4902,1/2-1/2,0
639,-0.9,403,White,past,26.6357,26.6357,19.2439,1/2-1/2,0
640,-0.9,54,White,self,26.4923,26.4923,21.2269,1/2-1/2,0
641,-0.2872,794,White,random,29.4662,29.4662,17.8641,1/2-1/2,0
642,-0.9,86,White,self,27.4065,27.4065,20.0945,1/2-1/2,0
643,-0.2856,538,White,past,26.4522,26.4522,23.7594,1/2-1/2,0
644,-0.9,403,White,random,27.8535,27.8535,16.754,1/2-1/2,0
645,-0.9,113,White,past,27.3627,27.3627,20.7025,1/2-1/2,0
646,-0.9,293,White,past,29.8522,29.8522,18.3791,1/2-1/2,0
647,-0.9,92,White,past,26.3474,26.3474,21.3394,1/2-1/2,0
648,-0.9,134,White,past,26.3477,26.3477,17.2276,1/2-1/2,0
649,-0.9,286,White,past,29.9294,29.9294,25.8414,1/2-1/2,0
650,-0.28,442,White,past,24.4581,24.4581,24.4581,1/2-1/2,0
651,-0.9,206,White,past,26.5534,26.5534,19.6497,1/2-1/2,0
652,-0.9,272,White,past,28.1722,28.1722,13.6144,1/2-1/2,0
653,-0.9,84,White,self,27.372,27.372,20.6891,1/2-1/2,0
654,-0.9,935,White,past,25.388,25.388,22.124,1/2-1/2,0
655,-0.276,465,White,random,23.3194,23.3194,21.469,1/2-1/2,0
656,-0.9,81,White,self,28.4073,28.4073,21.9929,1/2-1/2,0
657,-0.2744,452,White,random,26.594,26.594,14.2363,1/2-1/2,0
658,-0.9,74,White,self,26.977,26.977,17.2473,1/2-1/2,0
659,-0.9,266,White,past,27.2369,27.2369,18.058,1/2-1/2,0
660,-0.9,241,White,self,27.3075,27.3075,20.3695,1/2-1/2,0
661,-0.9,49,White,self,26.3629,26.3629,19.7668,1/2-1/2,0
662,-0.9,110,White,past,28.0759,28.0759,17.8016,1/2-1/2,0
663,-0.9,201,White,past,27.4209,27.4209,22.6331,1/2-1/2,0
664,-0.9,145,White,self,27.9032,27.9032,19.9763,1/2-1/2,0
665,-0.9,62,White,self,27.2649,27.2649,21.7823,1/2-1/2,0
666,-0.9,109,White,self,27.2016,27.2016,17.871,1/2-1/2,0
667,-0.2664,78,White,past,21.8381,21.8381,21.8381,1/2-1/2,0
668,-0.9,55,White,self,27.4301,27.4301,20.9056,1/2-1/2,0
669,-0.9,121,White,self,27.6787,27.6787,21.1573,1/2-1/2,0
670,-0.9,492,White,past,26.352,26.352,24.2,1/2-1/2,0
671,-0.9,586,White,random,26.6736,26.6736,16.8381,1/2-1/2,0
672,-0.9,134,White,self,26.7018,26.7018,21.8449,1/2-1/2,0
673,-0.9,86,White,self,26.8035,26.8035,21.6154,1/2-1/2,0
674,-0.9,159,White,self,27.1206,27.1206,24.0225,1/2-1/2,0
675,-0.9,112,White,self,26.8082,26.8082,23.3459,1/2-1/2,0
676,-0.9,69,White,self,26.6662,26.6662,21.7272,1/2-1/2,0
677,-0.9,168,White,self,27.512,27.512,18.7252,1/2-1/2,0
678,-0.9,218,White,self,26.59,26.59,18.9264,1/2-1/2,0
679,-0.9,68,White,self,27.0721,27.0721,20.4749,1/2-1/2,0
680,-0.9,64,White,self,28.3351,28.3351,21.6973,1/2-1/2,0
681,-0.9,130,White,self,26.4212,26.4212,21.1657,1/2-1/2,0
682,-0.9,58,White,self,26.9869,26.9869,18.49,1/2-1/2,0
683,1,113,White,past,26.1355,26.1355,21.2004,1-0,0
684,-1,88,White,random,31.1594,31.1594,16.9592,0-1,0
685,-0.9,131,White,past,26.5158,26.5158,23.0194,1/2-1/2,0
686,-0.9,69,White,self,26.4702,26.4702,18.9294,1/2-1/2,0
687,-0.2504,417,White,random,21.6915,21.6915,21.4612,1/2-1/2,0
688,-0.9,101,White,self,27.2657,27.2657,25.3424,1/2-1/2,0
689,-0.9,44,White,self,28.1609,28.1609,20.6342,1/2-1/2,0
690,-0.248,514,White,past,26.6981,26.6981,25.583,1/2-1/2,0
691,-0.9,50,White,self,27.2713,27.2713,20.4624,1/2-1/2,0
692,-0.9,574,White,past,29.6185,29.6185,23.3223,1/2-1/2,0
693,-0.9,435,White,past,27.0863,27.0863,20.5663,1/2-1/2,0
694,-0.9,89,White,self,27.7248,27.7248,16.5414,1/2-1/2,0
695,-0.244,623,White,past,19.2917,19.2917,5.479,1/2-1/2,0
696,-0.9,65,White,self,26.3494,26.3494,21.6292,1/2-1/2,0
697,-0.9,100,White,self,27.4214,27.4214,21.4636,1/2-1/2,0
698,-0.9,262,White,past,27.2319,27.2319,18.9809,1/2-1/2,0
699,-0.9,59,White,self,26.6142,26.6142,21.5902,1/2-1/2,0
700,-0.24,258,White,minimax,26.5873,26.5873,26.5873,1/2-1/2,0
701,-0.2392,174,White,minimax,36.6576,36.6576,36.6576,1/2-1/2,0
702,-0.2384,130,White,minimax,42.8613,42.8613,38.6559,1/2-1/2,0
703,-0.2376,174,White,minimax,36.5905,36.5905,36.5905,1/2-1/2,0
704,-0.2368,122,White,minimax,38.0472,38.0472,38.0472,1/2-1/2,0
705,-0.9,26,White,self,42.3411,42.3411,33.0593,1/2-1/2,0
706,-1,274,White,minimax,45.5796,45.5796,45.5796,0-1,0
707,-0.9,633,White,past,41.0543,41.0543,25.2915,1/2-1/2,0
708,-0.9,105,White,self,43.1673,43.1673,33.132,1/2-1/2,0
709,-0.9,49,White,self,43.646,43.646,30.9222,1/2-1/2,0
710,-0.232,108,White,minimax,42.1232,42.1232,40.9919,1/2-1/2,0
711,-0.9,65,White,self,44.7171,44.7171,33.4242,1/2-1/2,0
712,-0.9,108,White,past,42.9712,42.9712,33.4915,1/2-1/2,0
713,-0.9,42,White,self,42.7895,42.7895,34.7775,1/2-1/2,0
714,-1,100,White,minimax,40.8054,40.8054,38.855,0-1,0
715,-0.228,96,White,minimax,42.4062,42.4062,41.7887,1/2-1/2,0
716,-0.9,448,White,past,44.372,44.372,24.3458,1/2-1/2,0
717,-1,190,White,minimax,42.9206,42.9206,38.6332,0-1,0
718,-0.2256,314,White,minimax,45.3737,45.3737,33.3363,1/2-1/2,0
719,-0.9,39,White,self,43.8345,43.8345,36.129,1/2-1/2,0
720,-0.9,285,White,past,40.1934,40.1934,35.122,1/2-1/2,0
721,-1,180,White,minimax,43.0062,43.0062,43.0062,0-1,0
722,-1,102,White,minimax,44.4592,44.4592,43.1051,0-1,0
723,-0.2216,68,White,minimax,45.2226,45.2226,42.9974,1/2-1/2,0
724,-0.2208,100,White,minimax,31.8006,31.8006,31.8006,1/2-1/2,0
725,-0.9,206,White,past,43.7895,43.7895,31.0729,1/2-1/2,0
726,-1,140,White,minimax,43.4365,43.4365,42.3495,0-1,0
727,-0.9,30,White,self,43.6972,43.6972,35.4765,1/2-1/2,0
728,-0.2176,500,White,minimax,4.2235,4.2235,4.0802,1/2-1/2,0
729,-0.2168,254,White,minimax,44.7663,44.7663,38.3306,1/2-1/2,0
730,1,145,White,past,44.6107,44.6107,26.119,1-0,0
731,-0.2152,70,White,minimax,44.5235,44.5235,41.8379,1/2-1/2,0
732,-0.9,231,White,past,44.8947,44.8947,34.5272,1/2-1/2,0
733,-0.9,225,White,past,43.3151,43.3151,30.1113,1/2-1/2,0
734,-0.2128,487,White,past,42.9915,42.9915,38.467,1/2-1/2,0
735,-1,100,White,past,42.7939,42.7939,39.282,0-1,0
736,-0.9,273,White,self,44.1069,44.1069,38.7663,1/2-1/2,0
737,-0.9,53,White,self,43.4437,43.4437,35.5471,1/2-1/2,0
738,-0.9,102,White,past,43.5491,43.5491,36.351,1/2-1/2,0
739,-1,60,White,minimax,45.3746,45.3746,41.9885,0-1,0
740,-0.9,773,White,past,41.7216,41.7216,31.9574,1/2-1/2,0
741,-1,226,White,minimax,43.1151,43.1151,42.9028,0-1,0
742,-0.2064,252,White,past,44.4893,44.4893,42.5702,1/2-1/2,0
743,-0.9,319,White,past,44.6364,44.6364,40.8134,1/2-1/2,0
744,-0.2048,814,White,past,42.7976,42.7976,34.0882,1/2-1/2,0
745,-0.9,85,White,self,44.4338,44.4338,27.2855,1/2-1/2,0
746,-0.9,151,White,self,45.2899,45.2899,30.9519,1/2-1/2,0
747,-0.9,107,White,self,43.0928,43.0928,33.3081,1/2-1/2,0
748,-0.9,138,White,past,45.4878,45.4878,32.7101,1/2-1/2,0
749,-0.9,109,White,past,43.7247,43.7247,39.7871,1/2-1/2,0
750,-0.9,128,White,past,45.0671,45.0671,33.9204,1/2-1/2,0
751,-1,216,White,minimax,45.5963,45.5963,32.1487,0-1,0
752,-1,40,White,minimax,40.6943,40.6943,35.4078,0-1,0
753,-0.9,52,White,self,43.2722,43.2722,38.2133,1/2-1/2,0
754,-0.1968,346,White,minimax,43.6958,43.6958,43.6958,1/2-1/2,0
755,-0.9,46,White,self,44.6265,44.6265,36.6396,1/2-1/2,0
756,-0.9,177,White,past,43.5808,43.5808,28.7421,1/2-1/2,0
757,-0.9,259,White,past,45.962,45.962,30.6379,1/2-1/2,0
758,-0.9,146,White,past,45.6983,45.6983,34.229,1/2-1/2,0
759,-1,174,White,minimax,25.3339,25.3339,25.3339,0-1,0
760,-0.9,55,White,self,44.3184,44.3184,35.7452,1/2-1/2,0
761,-0.1912,76,White,minimax,43.617,43.617,42.6302,1/2-1/2,0
762,-1,150,White,minimax,41.7262,41.7262,39.6648,0-1,0
763,-0.1896,150,White,minimax,42.042,42.042,39.3609,1/2-1/2,0
764,-0.9,563,White,past,43.9317,43.9317,23.5439,1/2-1/2,0
765,-0.188,220,White,minimax,43.564,43.564,40.9021,1/2-1/2,0
766,-0.1872,248,White,minimax,45.5747,45.5747,38.834,1/2-1/2,0
767,-0.9,48,White,self,43.5854,43.5854,36.9388,1/2-1/2,0
768,-0.9,50,White,self,43.4639,43.4639,38.752,1/2-1/2,0
769,-0.9,37,White,self,45.0751,45.0751,35.4855,1/2-1/2,0
770,-0.9,85,White,self,41.1019,41.1019,25.1157,1/2-1/2,0
771,1,63,White,past,42.8614,42.8614,33.9892,1-0,0
772,-0.9,679,White,past,45.4628,45.4628,41.4604,1/2-1/2,0
773,-0.1816,294,White,minimax,43.3426,43.3426,38.9263,1/2-1/2,0
774,-1,60,White,minimax,36.304,36.304,36.304,0-1,0
775,-0.18,242,White,minimax,44.236,44.236,44.003,1/2-1/2,0
776,-0.9,70,White,self,43.3158,43.3158,35.4909,1/2-1/2,0
777,-1,116,White,past,43.2038,43.2038,27.8672,0-1,0
778,-0.1776,220,White,minimax,45.1524,45.1524,39.489,1/2-1/2,0
779,-0.1768,594,White,minimax,43.2042,43.2042,37.7651,1/2-1/2,0
780,-0.176,168,White,minimax,41.2154,41.2154,38.956,1/2-1/2,0
781,1,89,White,minimax,42.8134,42.8134,36.6029,1-0,0
782,-0.1744,160,White,minimax,40.7586,40.7586,40.7586,1/2-1/2,0
783,-0.9,307,White,past,43.6039,43.6039,32.113,1/2-1/2,0
784,-0.1728,226,White,minimax,43.7452,43.7452,39.6725,1/2-1/2,0
785,-0.9,103,White,self,45.4742,45.4742,35.2551,1/2-1/2,0
786,-0.1712,122,White,minimax,46.0283,46.0283,43.9531,1/2-1/2,0
787,-0.9,174,White,self,45.6982,45.6982,20.6106,1/2-1/2,0
788,-0.9,513,White,past,-1.0,-1.0,-1.0,1/2-1/2,0
789,-0.9,59,White,self,46.6795,46.6795,32.025,1/2-1/2,0
790,-0.9,84,White,self,44.9639,44.9639,28.2651,1/2-1/2,0
791,-1,214,White,minimax,42.0535,42.0535,42.0535,0-1,0
792,-0.9,77,White,self,43.2604,43.2604,36.144,1/2-1/2,0
793,-0.1656,132,White,minimax,43.0808,43.0808,41.5895,1/2-1/2,0
794,-0.9,107,White,self,44.1286,44.1286,35.9166,1/2-1/2,0
795,-0.164,248,White,minimax,43.7886,43.7886,42.1229,1/2-1/2,0
796,-0.9,164,White,self,43.9414,43.9414,26.8072,1/2-1/2,0
797,-0.1624,254,White,minimax,41.9638,41.9638,41.9638,1/2-1/2,0
798,-0.9,183,White,past,43.9174,43.9174,30.7877,1/2-1/2,0
799,-0.9,85,White,self,43.3041,43.3041,36.8081,1/2-1/2,0
800,-0.16,172,White,minimax,48.3743,48.3743,42.9549,1/2-1/2,0
801,-0.9,654,White,past,67.3319,67.3319,59.4641,1/2-1/2,0
802,-0.9,404,White,past,63.1397,63.1397,49.814,1/2-1/2,0
803,-0.9,189,White,self,65.3518,65.3518,45.343,1/2-1/2,0
804,-0.9,555,White,past,60.3486,60.3486,35.6267,1/2-1/2,0
805,-0.9,109,White,self,65.4609,65.4609,49.2993,1/2-1/2,0
806,-0.1552,98,White,minimax,43.5802,43.5802,43.5802,1/2-1/2,0
807,-0.1544,338,White,minimax,54.0635,54.0635,54.0635,1/2-1/2,0
808,-0.9,26,White,self,65.5759,65.5759,52.6304,1/2-1/2,0
809,-0.9,96,White,past,62.9653,62.9653,52.6764,1/2-1/2,0
810,-0.9,74,White,self,63.1842,63.1842,48.0835,1/2-1/2,0
811,-0.1512,160,White,minimax,54.9277,54.9277,54.9277,1/2-1/2,0
812,-0.1504,98,White,minimax,67.9586,67.9586,66.0617,1/2-1/2,0
813,-0.9,386,White,past,67.7284,67.7284,48.3729,1/2-1/2,0
814,-0.1488,308,White,minimax,63.3437,63.3437,57.4716,1/2-1/2,0
815,-1,108,White,minimax,60.9737,60.9737,57.9991,0-1,0
816,-0.9,54,White,self,64.7711,64.7711,56.5831,1/2-1/2,0
817,-0.1464,260,White,minimax,52.1512,52.1512,52.1512,1/2-1/2,0
818,-0.9,59,White,self,64.0124,64.0124,44.3166,1/2-1/2,0
819,-0.1448,198,White,minimax,62.9772,62.9772,60.6346,1/2-1/2,0
820,-0.9,81,White,past,63.3621,63.3621,47.1229,1/2-1/2,0
821,-0.9,249,White,past,66.0834,66.0834,39.2846,1/2-1/2,0
822,-0.1424,122,White,minimax,63.3404,63.3404,63.295,1/2-1/2,0
823,-0.9,192,White,past,66.5604,66.5604,29.1567,1/2-1/2,0
824,-0.1408,64,White,minimax,63.3268,63.3268,63.3268,1/2-1/2,0
825,-0.14,250,White,minimax,46.9988,46.9988,46.9988,1/2-1/2,0
826,-0.1392,280,White,minimax,65.0048,65.0048,58.8969,1/2-1/2,0
827,-0.1384,572,White,past,62.3309,62.3309,57.4125,1/2-1/2,0
828,-1,202,White,minimax,49.1405,49.1405,28.0115,0-1,0
829,-0.9,363,White,past,61.9314,61.9314,26.2688,1/2-1/2,0
830,-0.136,730,White,past,64.2802,64.2802,43.9404,1/2-1/2,0
831,-0.1352,54,White,minimax,67.8002,67.8002,65.4425,1/2-1/2,0
832,-0.9,156,White,self,63.5772,63.5772,48.8843,1/2-1/2,0
833,-0.1336,172,White,minimax,63.1803,63.1803,60.9507,1/2-1/2,0
834,-0.1328,308,White,minimax,64.5769,64.5769,62.4766,1/2-1/2,0
835,-1,316,White,past,67.002,67.002,66.5896,0-1,0
836,-0.9,75,White,self,66.5817,66.5817,49.6776,1/2-1/2,0
837,-0.9,47,White,self,64.7737,64.7737,55.0745,1/2-1/2,0
838,-0.9,50,White,self,64.4186,64.4186,54.9245,1/2-1/2,0
839,-0.9,381,White,past,66.6912,66.6912,48.7589,1/2-1/2,0
840,-0.128,270,White,minimax,42.2989,42.2989,17.5939,1/2-1/2,0
841,-0.9,77,White,self,65.8986,65.8986,34.7101,1/2-1/2,0
842,-0.1264,124,White,minimax,64.202,64.202,64.202,1/2-1/2,0
843,-0.1256,126,White,minimax,66.1735,66.1735,64.9364,1/2-1/2,0
844,-0.9,183,White,past,65.1591,65.1591,33.5091,1/2-1/2,0
845,-1,104,White,minimax,64.7281,64.7281,64.7281,0-1,0
846,-0.9,61,White,self,66.6138,66.6138,55.4101,1/2-1/2,0
847,-0.1224,98,White,minimax,59.9441,59.9441,59.9441,1/2-1/2,0
848,-1,126,White,past,67.9607,67.9607,49.958,0-1,0
849,-0.9,382,White,past,65.4432,65.4432,36.5822,1/2-1/2,0
850,-0.9,50,White,self,65.8461,65.8461,51.7028,1/2-1/2,0
851,-1,18,White,minimax,70.016,70.016,56.436,0-1,0
852,-0.9,473,White,past,62.4321,62.4321,57.9276,1/2-1/2,0
853,-0.9,93,White,self,64.137,64.137,54.8989,1/2-1/2,0
854,-0.9,363,White,past,64.9711,64.9711,39.8059,1/2-1/2,0
855,-0.116,838,White,past,60.4676,60.4676,60.4676,1/2-1/2,0
856,-0.9,399,White,past,64.9838,64.9838,37.193,1/2-1/2,0
857,-0.9,96,White,past,67.604,67.604,58.7326,1/2-1/2,0
858,-0.9,118,White,past,62.2122,62.2122,51.1464,1/2-1/2,0
859,-0.1128,166,White,minimax,41.8019,41.8019,41.8019,1/2-1/2,0
860,-0.112,236,White,minimax,59.744,59.744,54.0183,1/2-1/2,0
861,-0.9,55,White,self,66.0129,66.0129,49.6318,1/2-1/2,0
862,-0.9,188,White,past,64.1782,64.1782,50.3092,1/2-1/2,0
863,-0.1096,315,White,past,60.2895,60.2895,51.4524,1/2-1/2,0
864,-0.9,54,White,self,64.7564,64.7564,53.6529,1/2-1/2,0
865,-0.108,74,White,minimax,68.2658,68.2658,63.7068,1/2-1/2,0
866,-0.1072,320,White,minimax,62.9764,62.9764,57.5917,1/2-1/2,0
867,-0.1064,124,White,minimax,63.291,63.291,61.4898,1/2-1/2,0
868,-0.9,54,White,self,60.7892,60.7892,54.0171,1/2-1/2,0
869,-0.9,61,White,self,66.4941,66.4941,44.2568,1/2-1/2,0
870,-0.9,47,White,self,66.8289,66.8289,55.552,1/2-1/2,0
871,-1,140,White,minimax,63.657,63.657,63.657,0-1,0
872,-1,210,White,minimax,62.6264,62.6264,61.2435,0-1,0
873,-0.1016,380,White,minimax,57.3761,57.3761,57.3761,1/2-1/2,0
874,-0.1008,306,White,minimax,65.8384,65.8384,34.909,1/2-1/2,0
875,-0.1,140,White,minimax,66.3575,66.3575,59.2086,1/2-1/2,0
876,-0.0992,102,White,minimax,62.2406,62.2406,57.1034,1/2-1/2,0
877,-0.0984,192,White,minimax,61.908,61.908,57.0854,1/2-1/2,0
878,-0.9,30,White,self,65.9063,65.9063,55.6663,1/2-1/2,0
879,-1,284,White,minimax,60.0007,60.0007,60.0007,0-1,0
880,-0.9,25,White,self,66.4286,66.4286,54.325,1/2-1/2,0
881,-0.9,45,White,self,64.8438,64.8438,48.9444,1/2-1/2,0
882,-0.0944,434,White,minimax,64.0533,64.0533,64.0533,1/2-1/2,0
883,-0.0936,116,White,minimax,60.6873,60.6873,59.3421,1/2-1/2,0
884,-0.0928,142,White,minimax,58.4042,58.4042,58.4042,1/2-1/2,0
885,-0.9,58,White,self,63.637,63.637,54.2534,1/2-1/2,0
886,-0.0912,104,White,minimax,-1.0,-1.0,-1.0,1/2-1/2,0
887,-0.9,43,White,self,65.7164,65.7164,43.076,1/2-1/2,0
888,-0.9,39,White,self,67.1349,67.1349,49.9356,1/2-1/2,0
889,-0.9,73,White,past,64.8691,64.8691,54.662,1/2-1/2,0
890,-0.9,83,White,self,65.1322,65.1322,49.2774,1/2-1/2,0
891,-0.9,206,White,self,64.83,64.83,57.1243,1/2-1/2,0
892,-1,196,White,minimax,61.3525,61.3525,57.2664,0-1,0
893,-0.0856,102,White,minimax,61.411,61.411,60.8843,1/2-1/2,0
894,-0.0848,96,White,minimax,59.2711,59.2711,59.2711,1/2-1/2,0
895,-0.9,50,White,self,63.7291,63.7291,51.6763,1/2-1/2,0
896,-0.0832,783,White,past,63.6398,63.6398,34.0379,1/2-1/2,0
897,-0.0824,176,White,minimax,64.5593,64.5593,64.5593,1/2-1/2,0
898,-0.9,364,White,past,65.3148,65.3148,44.2107,1/2-1/2,0
899,-0.9,112,White,past,66.5945,66.5945,59.3963,1/2-1/2,0
900,-0.9,85,White,self,63.8019,63.8019,54.6046,1/2-1/2,0
901,-0.9,403,White,past,86.4752,86.4752,49.4263,1/2-1/2,0
902,-0.9,64,White,self,87.2203,87.2203,67.2729,1/2-1/2,0
903,-0.0776,98,White,minimax,84.4587,84.4587,84.4587,1/2-1/2,0
904,-0.9,46,White,self,88.6564,88.6564,62.1056,1/2-1/2,0
905,-0.9,70,White,self,85.419,85.419,61.2477,1/2-1/2,0
906,-0.9,72,White,self,87.9254,87.9254,70.9227,1/2-1/2,0
907,-0.0744,212,White,minimax,67.8565,67.8565,67.8565,1/2-1/2,0
908,-0.9,62,White,self,83.4099,83.4099,70.969,1/2-1/2,0
909,-0.0728,492,White,past,86.389,86.389,84.5492,1/2-1/2,0
910,-0.9,36,White,self,87.5914,87.5914,73.0649,1/2-1/2,0
911,-0.9,279,White,past,92.4344,92.4344,56.6868,1/2-1/2,0
912,-0.0704,116,White,minimax,88.6951,88.6951,87.2414,1/2-1/2,0
913,-0.0696,144,White,minimax,88.3552,88.3552,88.3552,1/2-1/2,0
914,-0.9,55,White,self,88.7636,88.7636,74.394,1/2-1/2,0
915,-0.9,57,White,self,88.7065,88.7065,78.6323,1/2-1/2,0
916,-0.9,45,White,self,89.4333,89.4333,66.727,1/2-1/2,0
917,-1,264,White,minimax,65.6695,65.6695,26.2847,0-1,0
918,-0.9,476,White,past,91.0281,91.0281,44.6548,1/2-1/2,0
919,-0.9,112,White,past,87.7988,87.7988,69.7228,1/2-1/2,0
920,-0.9,47,White,self,89.2606,89.2606,74.561,1/2-1/2,0
921,-0.0632,230,White,minimax,75.0165,75.0165,74.1161,1/2-1/2,0
922,-0.9,503,White,past,79.802,79.802,78.8354,1/2-1/2,0
923,-0.0616,412,White,minimax,87.7399,87.7399,84.5919,1/2-1/2,0
924,-1,150,White,minimax,89.7692,89.7692,89.7692,0-1,0
925,-0.06,196,White,minimax,72.3237,72.3237,72.3237,1/2-1/2,0
926,-0.9,54,White,self,88.9973,88.9973,74.7485,1/2-1/2,0
927,-0.0584,232,White,minimax,81.1478,81.1478,81.1478,1/2-1/2,0
928,-1,108,White,minimax,90.9431,90.9431,80.7987,0-1,0
929,-0.0568,180,White,minimax,92.8424,92.8424,91.0248,1/2-1/2,0
930,-0.9,56,White,self,89.7475,89.7475,74.806,1/2-1/2,0
931,-0.9,162,White,past,93.4896,93.4896,76.128,1/2-1/2,0
932,-0.0544,200,White,minimax,87.5307,87.5307,84.6154,1/2-1/2,0
933,-0.9,56,White,self,87.7672,87.7672,73.4676,1/2-1/2,0
934,1,45,White,self,87.723,87.723,68.6959,1-0,0
935,-1,114,White,minimax,85.4845,85.4845,80.9545,0-1,0
936,-0.9,79,White,self,87.4684,87.4684,79.6383,1/2-1/2,0
937,-0.9,250,White,past,87.1829,87.1829,80.6494,1/2-1/2,0
938,-0.9,134,White,past,91.6558,91.6558,76.8504,1/2-1/2,0
939,-0.0488,186,White,minimax,89.5297,89.5297,88.6985,1/2-1/2,0
940,-0.048,216,White,minimax,91.5815,91.5815,77.3347,1/2-1/2,0
941,-0.0472,162,White,minimax,-1.0,-1.0,-1.0,1/2-1/2,0
942,-0.0464,152,White,minimax,86.2195,86.2195,78.9322,1/2-1/2,0
943,-0.0456,82,White,minimax,-1.0,-1.0,-1.0,1/2-1/2,0
944,-0.9,46,White,self,91.9461,91.9461,70.9659,1/2-1/2,0
945,-0.044,110,White,minimax,89.5999,89.5999,89.5999,1/2-1/2,0
946,-0.9,48,White,self,88.216,88.216,75.4149,1/2-1/2,0
947,-0.9,68,White,self,87.757,87.757,74.461,1/2-1/2,0
948,-0.9,52,White,self,90.1292,90.1292,75.2294,1/2-1/2,0
949,-0.9,184,White,past,92.7473,92.7473,34.0927,1/2-1/2,0
950,-0.9,138,White,past,85.162,85.162,64.092,1/2-1/2,0
951,-0.0392,284,White,minimax,87.7906,87.7906,85.3263,1/2-1/2,0
952,-0.0384,76,White,minimax,86.6297,86.6297,82.0637,1/2-1/2,0
953,-0.0376,542,White,past,87.4404,87.4404,87.0191,1/2-1/2,0
954,-0.9,279,White,past,91.8285,91.8285,65.8846,1/2-1/2,0
955,-0.9,39,White,self,87.3817,87.3817,68.3293,1/2-1/2,0
956,-0.9,96,White,self,89.734,89.734,79.879,1/2-1/2,0
957,-0.9,132,White,self,92.19,92.19,75.4915,1/2-1/2,0
958,-0.9,100,White,past,86.9444,86.9444,80.5427,1/2-1/2,0
959,-0.0328,218,White,minimax,83.4455,83.4455,82.072,1/2-1/2,0
960,-0.9,48,White,self,86.7088,86.7088,75.0176,1/2-1/2,0
961,-0.9,48,White,self,86.0607,86.0607,74.7334,1/2-1/2,0
962,-0.9,73,White,self,90.4285,90.4285,80.4592,1/2-1/2,0
963,-0.9,140,White,past,87.361,87.361,80.1463,1/2-1/2,0
964,-0.9,89,White,self,90.0476,90.0476,58.813,1/2-1/2,0
965,-0.028,598,White,past,91.7049,91.7049,88.2558,1/2-1/2,0
966,-0.0272,120,White,minimax,81.0414,81.0414,81.0414,1/2-1/2,0
967,-0.9,80,White,self,88.5323,88.5323,72.622,1/2-1/2,0
968,-0.9,48,White,self,87.2468,87.2468,73.9442,1/2-1/2,0
969,-0.0248,122,White,minimax,80.6521,80.6521,80.6521,1/2-1/2,0
970,-0.9,76,White,self,85.7727,85.7727,78.919,1/2-1/2,0
971,-0.9,56,White,self,87.7343,87.7343,75.6066,1/2-1/2,0
972,-0.9,156,White,self,88.5154,88.5154,79.1286,1/2-1/2,0
973,-0.0216,106,White,minimax,86.6823,86.6823,83.0699,1/2-1/2,0
974,-0.9,74,White,self,92.327,92.327,72.5459,1/2-1/2,0
975,-0.02,306,White,minimax,-1.0,-1.0,-1.0,1/2-1/2,0
976,-0.9,88,White,self,87.2522,87.2522,68.4534,1/2-1/2,0
977,-0.9,181,White,past,90.316,90.316,55.9807,1/2-1/2,0
978,-1,128,White,minimax,88.4992,88.4992,82.7122,0-1,0
979,-0.9,82,White,self,89.2673,89.2673,70.6547,1/2-1/2,0
980,-0.9,454,White,past,88.6043,88.6043,82.4364,1/2-1/2,0
981,-0.9,110,White,self,89.6071,89.6071,81.5817,1/2-1/2,0
982,-0.0144,92,White,minimax,89.3902,89.3902,84.0795,1/2-1/2,0
983,-0.9,69,White,self,88.374,88.374,78.2583,1/2-1/2,0
984,-0.9,222,White,past,88.188,88.188,65.6199,1/2-1/2,0
985,-0.9,254,White,past,89.5313,89.5313,81.527,1/2-1/2,0
986,-0.9,600,White,past,84.812,84.812,48.571,1/2-1/2,0
987,-0.9,97,White,self,85.825,85.825,69.6797,1/2-1/2,0
988,-0.0096,238,White,minimax,92.196,92.196,92.196,1/2-1/2,0
989,-0.0088,168,White,minimax,89.1451,89.1451,86.7276,1/2-1/2,0
990,-0.008,458,White,minimax,88.8928,88.8928,77.0778,1/2-1/2,0
991,-0.9,130,White,self,87.0001,87.0001,66.5063,1/2-1/2,0
992,-0.0064,208,White,minimax,84.4799,84.4799,84.4799,1/2-1/2,0
993,-0.0056,152,White,minimax,86.1537,86.1537,76.6884,1/2-1/2,0
994,-0.9,103,White,past,90.2679,90.2679,73.4626,1/2-1/2,0
995,-0.9,346,White,past,89.6037,89.6037,77.9669,1/2-1/2,0
996,-0.9,346,White,past,94.4744,94.4744,64.5398,1/2-1/2,0
997,-1,236,White,minimax,-1.0,-1.0,-1.0,0-1,0
998,-1,202,White,minimax,90.2622,90.2622,86.1271,0-1,0
999,-0.9,89,White,self,87.9312,87.9312,75.5335,1/2-1/2,0
